Position,Aging (Days),Application Status,Closed On Date,Company,Created,Interview Sheet,Last edited time,Posted On,Req Id,Salary Range,Tags,URL
Senior Product Manager - App Ecosystem,2223 days,,,,"June 20, 2020 10:54 AM",,"April 24, 2026 2:46 PM",,,,Product Executive,
JD for Product Management - Charles Schwab,2218 days,,,Charles Schwab - Blacklist (https://app.notion.com/p/Charles-Schwab-Blacklist-2b23b2ccbd3e80d68a71e36061155aa4?pvs=21),"June 25, 2020 6:38 PM",,"April 24, 2026 2:46 PM",,,,Product Executive,https://drive.google.com/file/d/12EEB9ZyqmPv00JNRVcG0rvTXrwWTk-ld/view?usp=sharing
JD - VP Strategic Initiatives,1995 days,,,Revantage - Blackstone Co. (https://app.notion.com/p/Revantage-Blackstone-Co-34c3b2ccbd3e8031abccf0628411fa22?pvs=21),"February 3, 2021 3:27 PM",,"April 24, 2026 2:47 PM",,,,Strategy & Leadership,
Enterprise Portfolio Architect,1763 days,,,Toyota (https://app.notion.com/p/Toyota-2b23b2ccbd3e805ab54be95e96d88b22?pvs=21),"September 22, 2021 9:35 PM",,"April 24, 2026 2:46 PM",,,,Enterprise Architecture,
"Business Solution Architecture ",1720 days,,,Deloitte (https://app.notion.com/p/Deloitte-2b23b2ccbd3e80448544f2deafb4925b?pvs=21),"November 4, 2021 8:05 PM",,"April 24, 2026 2:46 PM",,,,Enterprise Architecture,
"VP, Enterprise Architecture - Pfizer",1682 days,,,Pfizer (https://app.notion.com/p/Pfizer-34c3b2ccbd3e805b9164cc2466d01b42?pvs=21),"December 13, 2021 7:51 AM",,"April 24, 2026 2:46 PM",,,,Enterprise Architecture,
"VP, IT Strategy, Architecture & Planning",1433 days,,,Jacobs (https://app.notion.com/p/Jacobs-34c3b2ccbd3e801caa7aca7d56434596?pvs=21),"August 18, 2022 8:22 PM",,"April 24, 2026 2:44 PM",,,,Enterprise Architecture,
Enterprise Architecture - Architecture - Principal,1404 days,,,Fannie Mae (https://app.notion.com/p/Fannie-Mae-34c3b2ccbd3e809fa444e8261a1ec57f?pvs=21),"September 17, 2022 1:15 PM",,"April 24, 2026 2:46 PM",,,,Enterprise Architecture,
"VICE PRESIDENT, ARCHITECTURE",1396 days,,,Fidelity (https://app.notion.com/p/Fidelity-2b23b2ccbd3e80a18bc5c7fb73e71eef?pvs=21),"September 25, 2022 6:06 PM",,"April 24, 2026 2:45 PM",,,,Enterprise Architecture,
"Principal, Enterprise Business Architecture",1355 days,,,Charles Schwab - Blacklist (https://app.notion.com/p/Charles-Schwab-Blacklist-2b23b2ccbd3e80d68a71e36061155aa4?pvs=21),"November 5, 2022 7:15 AM",,"April 24, 2026 2:46 PM",,,,Enterprise Architecture,
"Director, Architecture",1355 days,,,Fidelity (https://app.notion.com/p/Fidelity-2b23b2ccbd3e80a18bc5c7fb73e71eef?pvs=21),"November 5, 2022 9:28 AM",,"April 24, 2026 2:46 PM",,,,Enterprise Architecture,
Head of Enterprise Architecture,1267 days,,,USAA (https://app.notion.com/p/USAA-2b23b2ccbd3e80f9bc2dc989b2208b29?pvs=21),"February 1, 2023 11:25 AM",,"April 24, 2026 2:46 PM",,,,Enterprise Architecture,
Experience Architect,1171 days,,,Fidelity (https://app.notion.com/p/Fidelity-2b23b2ccbd3e80a18bc5c7fb73e71eef?pvs=21),"May 7, 2023 9:59 PM",,"April 24, 2026 2:48 PM",,,,Enterprise Architecture,
Enterprise Architect,1013 days,,,TTI (https://app.notion.com/p/TTI-34c3b2ccbd3e80c3991be7ccc0c840e0?pvs=21),"October 12, 2023 11:05 PM",,"April 24, 2026 2:47 PM",,,,Enterprise Architecture,
"Vice President, Global Enterprise Architecture",399 days,,,CBRE (https://app.notion.com/p/CBRE-2b23b2ccbd3e80cfa64ec7e74534598c?pvs=21),"June 18, 2025 5:38 AM",,"July 9, 2026 3:52 PM",,,,,
"Principal, Enterprise Architecture",155 days,Done - Interviewed,"November 21, 2025",Charles Schwab - Blacklist (https://app.notion.com/p/Charles-Schwab-Blacklist-2b23b2ccbd3e80d68a71e36061155aa4?pvs=21),"June 18, 2025 2:04 PM",,"May 21, 2026 10:22 AM",,,$180K,Enterprise Architecture,
"Principal Architect, Payment & Fraud Systems",343 days,,,T-Mobile (https://app.notion.com/p/T-Mobile-34c3b2ccbd3e808a8819eec4d41962d8?pvs=21),"August 13, 2025 11:54 AM",,"April 24, 2026 2:48 PM",,,,,https://careers.t-mobile.com/principal-architect-payment-fraud-systems/job/A99C3DF561915EC6CED3EDD317464660?source=LinkedIn&codes=INT-LinkedIn
"Director - Technology Strategy, Planning & Support",343 days,,,Liberty Mutual (https://app.notion.com/p/Liberty-Mutual-34c3b2ccbd3e80eea88af90aa6226488?pvs=21),"August 13, 2025 12:01 PM",,"April 24, 2026 2:50 PM",,,"$160,000-$225,000",Strategy & Leadership,https://searchjobs.libertymutualgroup.com/careers/job/618505651949?microsite=libertymutual.com&domain=libertymutual.com&utm_source=Job+Board&utm_campaign=LinkedIn+Jobs&extcmp=bof-paid-text-lkin-aljb
MD Back Office Applications,343 days,,,Fedex (https://app.notion.com/p/Fedex-34c3b2ccbd3e80e48c72fc32b98ca695?pvs=21),"August 13, 2025 12:05 PM",,"April 24, 2026 2:50 PM",,,,,https://careers.fedex.com/md-back-office-applications/job/P25-248807-1?utm_domicile=unspecified&utm_persona=unspecified&utm_trackedsource=srm_linkedin_jb&utm_subco=FXF
Sr. Director Enterprise Architecture (Macro Architecture),80 days,Done - Interviewed,"November 11, 2025",Ascension (https://app.notion.com/p/Ascension-2b23b2ccbd3e8011ba50da3daa9c112a?pvs=21),"August 22, 2025 4:13 PM",,"May 21, 2026 11:39 AM",,,"$146,000.00 - $248,200.00",Enterprise Architecture,
"Sr. Director, Technology Partner",98 days,Done - Cold,"December 11, 2025",Thomson Reuters - Blacklist (https://app.notion.com/p/Thomson-Reuters-Blacklist-2b23b2ccbd3e80e8a8c1cd6699b9fef2?pvs=21),"September 3, 2025 8:23 AM",,"May 21, 2026 10:22 AM",,,,"Enterprise Architecture, Product Executive",
"VP, Head of Digital - Corporate Functions",196 days,Done - Cold,"March 19, 2026",Equinix (https://app.notion.com/p/Equinix-2b23b2ccbd3e80c189e0c32a4dbd97c4?pvs=21),"September 3, 2025 11:08 AM",,"May 21, 2026 10:35 AM",,,,Product Executive,
SVP Technology Platforms,232 days,Done - Cold,,Experian (https://app.notion.com/p/Experian-2b23b2ccbd3e802e8819fff857c79c27?pvs=21),"September 3, 2025 11:26 AM",,"April 23, 2026 3:44 PM",,,,,
"Sr. Director, Platform",78 days,Done,"November 21, 2025",Alma (https://app.notion.com/p/Alma-2b23b2ccbd3e80f0ac5cdefd67f27a46?pvs=21),"September 3, 2025 2:40 PM",,"May 21, 2026 10:22 AM",,,,Product Executive,
"Sr. Director, Program Strategy",186 days,Done,"March 9, 2026",Salesforce (https://app.notion.com/p/Salesforce-2b23b2ccbd3e80c799e9cf6c38ef933c?pvs=21),"September 3, 2025 3:20 PM",,"May 21, 2026 12:04 PM",,,,Product Executive,
"Enterprise Architect ",103 days,Done - Interviewed,"December 16, 2025",Triumph (https://app.notion.com/p/Triumph-2b23b2ccbd3e8019a5adcd597ae628f6?pvs=21),"September 3, 2025 3:39 PM","Triumph - Screening (https://app.notion.com/p/Triumph-Screening-3643b2ccbd3e80278cafc26ea7cd9654?pvs=21), Triumph - 1st Round (https://app.notion.com/p/Triumph-1st-Round-3643b2ccbd3e8087b04efdc163784e9e?pvs=21), Triumph - 2nd Round - Onsite (https://app.notion.com/p/Triumph-2nd-Round-Onsite-3643b2ccbd3e80478f22e4a89107d787?pvs=21), Triumph - 3rd Round (https://app.notion.com/p/Triumph-3rd-Round-3643b2ccbd3e806fb563c3e151d25ef0?pvs=21)","May 21, 2026 10:22 AM",,,$190K,Enterprise Architecture,
"Director, Architecture",8 days,Done,"September 13, 2025",Fidelity (https://app.notion.com/p/Fidelity-2b23b2ccbd3e80a18bc5c7fb73e71eef?pvs=21),"September 4, 2025 7:05 AM",,"May 21, 2026 11:51 AM",,,,,
"Director, Fidelity Architecture and Engineering (FAE) | Application Lifecycle Management Platform",97 days,Done,"December 11, 2025",Fidelity (https://app.notion.com/p/Fidelity-2b23b2ccbd3e80a18bc5c7fb73e71eef?pvs=21),"September 4, 2025 7:19 AM",,"May 21, 2026 10:22 AM",,,,Enterprise Architecture,
"Executive Director, AI Business Transformation",131 days,Done - Cold,"January 14, 2026",CBRE (https://app.notion.com/p/CBRE-2b23b2ccbd3e80cfa64ec7e74534598c?pvs=21),"September 4, 2025 7:42 AM",,"May 21, 2026 10:32 AM",,,,,
"SVP, Technology Strategy & Services ",83 days,Done,"December 1, 2025",Vizient (https://app.notion.com/p/Vizient-2b23b2ccbd3e80b79188f8c81ded9033?pvs=21),"September 8, 2025 11:09 AM",,"May 21, 2026 10:23 AM",,,,Strategy & Leadership,
Senior Professional Principal Architect,198 days,Done,"March 26, 2026",Mckesson - Blacklist (https://app.notion.com/p/Mckesson-Blacklist-2b23b2ccbd3e80dfaaa2f8ec74c771e6?pvs=21),"September 8, 2025 11:38 AM",,"May 21, 2026 11:59 AM",,,,Enterprise Architecture,
Head of Technical Strategy,93 days,Done - Cold,"December 11, 2025",Arcus (https://app.notion.com/p/Arcus-2b23b2ccbd3e80d196b0e8bec0c5d2d8?pvs=21),"September 8, 2025 4:04 PM",,"May 21, 2026 10:23 AM",,,,Enterprise Architecture,
Principal Architect,90 days,Done - Cold,"December 11, 2025",Insight Global (https://app.notion.com/p/Insight-Global-2b23b2ccbd3e8026b708d5beafa33c27?pvs=21),"September 11, 2025 10:57 AM",,"May 21, 2026 10:23 AM",,,,Enterprise Architecture,
SVP - Senior Architecture Engineering,113 days,Done,"January 3, 2026",Citi (https://app.notion.com/p/Citi-2b23b2ccbd3e805e9eb5f3b6605b5401?pvs=21),"September 11, 2025 4:05 PM",,"May 21, 2026 10:31 AM",,,,Enterprise Architecture,
Senior Principal Architect,89 days,Done - Cold,"December 11, 2025",GM Financial (https://app.notion.com/p/GM-Financial-2b23b2ccbd3e80f18108c5b91e5acaf6?pvs=21),"September 12, 2025 8:17 AM",,"May 21, 2026 10:23 AM",,,,Enterprise Architecture,
"Director, Technical Advisory",69 days,Done - Interviewed,"November 21, 2025",KPMG (https://app.notion.com/p/KPMG-2b23b2ccbd3e806cb392cbdc7bf7af84?pvs=21),"September 12, 2025 8:58 AM",,"May 21, 2026 10:23 AM",,,,Enterprise Architecture,
VP of Technology - Digital & Platform Engineering,69 days,Done,"November 21, 2025",Catalyst Brands (https://app.notion.com/p/Catalyst-Brands-2b23b2ccbd3e8011a8d1e84cd7379643?pvs=21),"September 12, 2025 12:14 PM",,"May 21, 2026 10:23 AM",,,,,
"VP, Technology M&A Leader",166 days,Done - Cold,"February 26, 2026",Synchrony (https://app.notion.com/p/Synchrony-2b23b2ccbd3e8067939ecc4573b6243e?pvs=21),"September 12, 2025 12:51 PM",,"May 21, 2026 10:33 AM",,,,,https://www.linkedin.com/in/alexandertennant
"Sr Director, Application Architect",150 days,Done - Cold,"February 10, 2026",Pepsi (https://app.notion.com/p/Pepsi-2b23b2ccbd3e803a88d6c390f10c858a?pvs=21),"September 12, 2025 12:56 PM",,"May 21, 2026 10:33 AM",,,,Enterprise Architecture,
Chief Architect,4 days,Done,"September 29, 2025",USAA (https://app.notion.com/p/USAA-2b23b2ccbd3e80f9bc2dc989b2208b29?pvs=21),"September 24, 2025 2:35 PM",,"May 21, 2026 12:06 PM",,,,,
Enterprise Solution Architect - 409609,39 days,Done - Interviewed,"November 10, 2025",Ascension (https://app.notion.com/p/Ascension-2b23b2ccbd3e8011ba50da3daa9c112a?pvs=21),"October 1, 2025 10:43 AM","Ascension - Screening 1st Round (https://app.notion.com/p/Ascension-Screening-1st-Round-3643b2ccbd3e809aaccdd546e3da015d?pvs=21), Ascension - 2nd Round (https://app.notion.com/p/Ascension-2nd-Round-3643b2ccbd3e8094a3ddcb4435fa8f5a?pvs=21)","May 21, 2026 11:40 AM",,,,,
Distinguished Architect,144 days,Done - Cold,"February 28, 2026",CVS (https://app.notion.com/p/CVS-2b23b2ccbd3e8032a26dedb18ea8c723?pvs=21),"October 6, 2025 9:00 AM",,"May 21, 2026 11:46 AM",,,,Enterprise Architecture,
Principal Enterprise Architect,145 days,Done - Cold,"March 1, 2026",CVS (https://app.notion.com/p/CVS-2b23b2ccbd3e8032a26dedb18ea8c723?pvs=21),"October 6, 2025 12:19 PM",,"May 21, 2026 11:46 AM",,,,Enterprise Architecture,
IT COE Director - Functional Apps,64 days,Done - Interviewed,"December 11, 2025",Brinks (https://app.notion.com/p/Brinks-2b23b2ccbd3e805aa8c1d8142a03d318?pvs=21),"October 7, 2025 9:59 AM","Brinks - Screening (https://app.notion.com/p/Brinks-Screening-3643b2ccbd3e80b59e85d895bf2fbb57?pvs=21), Brinks - Satish Seshayya (https://app.notion.com/p/Brinks-Satish-Seshayya-3643b2ccbd3e803b9c32c2a44841518a?pvs=21)","May 21, 2026 10:24 AM",,,,,
VP Digital Strategic Initiatives,64 days,Done - Cold,"December 11, 2025",(Head Hunters) (https://app.notion.com/p/Head-Hunters-2b23b2ccbd3e80298871d2e50e314220?pvs=21),"October 7, 2025 10:44 AM",,"May 21, 2026 10:24 AM",,,,Digital Strategic Initiatives,
"Vice President, Architecture – Program Architect",44 days,Done,"November 21, 2025",Fidelity (https://app.notion.com/p/Fidelity-2b23b2ccbd3e80a18bc5c7fb73e71eef?pvs=21),"October 7, 2025 12:04 PM",,"May 21, 2026 10:24 AM",,,,Enterprise Architecture,
"Vice President, Architecture - Domain Leader",64 days,Done,"December 11, 2025",Fidelity (https://app.notion.com/p/Fidelity-2b23b2ccbd3e80a18bc5c7fb73e71eef?pvs=21),"October 7, 2025 12:17 PM",,"May 21, 2026 10:24 AM",,,,Enterprise Architecture,
COE IT Director - Service Now,68 days,Done - Interviewed,"December 16, 2025",Brinks (https://app.notion.com/p/Brinks-2b23b2ccbd3e805aa8c1d8142a03d318?pvs=21),"October 8, 2025 8:21 AM",,"May 21, 2026 10:24 AM",,,,Product Executive,
Enterprise Applications Architecture Leader,172 days,Done,"March 30, 2026",RTX (https://app.notion.com/p/RTX-2b23b2ccbd3e804f971ddf8f05e606a6?pvs=21),"October 8, 2025 3:56 PM",,"May 21, 2026 10:35 AM",,,,Enterprise Architecture,
"Senior Principal, Digital Strategy",60 days,Done,"December 16, 2025",Equinix (https://app.notion.com/p/Equinix-2b23b2ccbd3e80c189e0c32a4dbd97c4?pvs=21),"October 16, 2025 11:22 AM",,"May 21, 2026 10:25 AM",,,,Digital Strategic Initiatives,https://equinix.wd1.myworkdayjobs.com/en-US/External/job/Senior-Principal--Digital-Strategy_JR-154455
"Senior Director, Head of Digital - Service Management",153 days,Done - Cold,"March 19, 2026",Equinix (https://app.notion.com/p/Equinix-2b23b2ccbd3e80c189e0c32a4dbd97c4?pvs=21),"October 16, 2025 11:33 AM",,"May 21, 2026 10:35 AM",,,,,
Enterprise Technology Architect,62 days,Done - Interviewed,"December 18, 2025",WingStop (https://app.notion.com/p/WingStop-2b23b2ccbd3e802780d2de3c357e9ca7?pvs=21),"October 16, 2025 4:22 PM","Wingstop - First Round (https://app.notion.com/p/Wingstop-First-Round-3643b2ccbd3e801ebe1ccaf77e060201?pvs=21), Wingstop - Screening (https://app.notion.com/p/Wingstop-Screening-3643b2ccbd3e802380bfd4d30a158335?pvs=21), Wingstop - Onsite (https://app.notion.com/p/Wingstop-Onsite-3643b2ccbd3e80a381cff581853226b4?pvs=21)","May 21, 2026 12:06 PM",,,$190K + 15% Stock + 15% Bonus,Enterprise Architecture,
HRSD Developer,188 days,Done - Cold,,Nvidia (https://app.notion.com/p/Nvidia-2b23b2ccbd3e80cd8490caa7a4e4b7da?pvs=21),"October 17, 2025 11:55 AM",,"April 23, 2026 3:44 PM",,,,,
Enterprise Architecture Lead,275 days,,,,"October 20, 2025 11:20 AM",,"November 21, 2025 2:28 PM",,,,,
Vice President Enterprise Architecture ,127 days,Done - Cold,"February 26, 2026",Reece USA (https://app.notion.com/p/Reece-USA-2b23b2ccbd3e80b09c81cafc6493ce3f?pvs=21),"October 21, 2025 11:08 AM",,"May 21, 2026 10:26 AM",,,$220K,Enterprise Architecture,
"Vice President, Technical Architecture and Enterprise AI",112 days,Done - Cold,"February 11, 2026",RisePoint (https://app.notion.com/p/RisePoint-2b23b2ccbd3e80f7a4e8fd588b6d2b73?pvs=21),"October 21, 2025 11:28 AM",,"May 21, 2026 10:26 AM",,,,Enterprise Architecture,
"Sr. Director, Enterprise Architecture",52 days,Done - Interviewed,"December 16, 2025",Stride Learning (https://app.notion.com/p/Stride-Learning-2b23b2ccbd3e805ea0bde1f86376c8e4?pvs=21),"October 24, 2025 10:27 AM","Stride Learning - Screening (https://app.notion.com/p/Stride-Learning-Screening-3643b2ccbd3e80979185f66dbc0b2ff3?pvs=21), Stride Learning - CIO (https://app.notion.com/p/Stride-Learning-CIO-3643b2ccbd3e800aa27ce9ed09c5178c?pvs=21)","May 21, 2026 10:26 AM",,,220K + 25% Bonus,Enterprise Architecture,
"Director, LRMC Digital Office Architect",93 days,Done - Interviewed,"January 26, 2026",KPMG (https://app.notion.com/p/KPMG-2b23b2ccbd3e806cb392cbdc7bf7af84?pvs=21),"October 24, 2025 10:33 AM","KPMG - Initial Contact w Gary (https://app.notion.com/p/KPMG-Initial-Contact-w-Gary-3643b2ccbd3e8089b8ecde1b02e29ea6?pvs=21), KPMG - HR #1 - Screening  (https://app.notion.com/p/KPMG-HR-1-Screening-3643b2ccbd3e804793e4c22d7e7aab2d?pvs=21), KPMG - HR #2 - Salary discussion (https://app.notion.com/p/KPMG-HR-2-Salary-discussion-3643b2ccbd3e80568972e3fa6ae7e813?pvs=21), KPMG - Round 4 (https://app.notion.com/p/KPMG-Round-4-3643b2ccbd3e8034bd8bc7660f844b8c?pvs=21), KPMG - Round #5 (https://app.notion.com/p/KPMG-Round-5-3643b2ccbd3e8033a6a6f3fd43d29621?pvs=21), KPMG - Round #6 (https://app.notion.com/p/KPMG-Round-6-3643b2ccbd3e80ac9402ef753fecc5b1?pvs=21)","May 21, 2026 10:26 AM",,,260k + Bonus,Enterprise Architecture,
SVP Enterprise Architecture,105 days,Done - Cold,"February 11, 2026",HireRising (Recruiters) (https://app.notion.com/p/HireRising-Recruiters-2b23b2ccbd3e80eb948cd820cdba0d6d?pvs=21),"October 28, 2025 8:31 AM",,"May 21, 2026 10:26 AM",,,,Enterprise Architecture,
Chief Architect Leader,55 days,Done,"January 9, 2026",Deloitte (https://app.notion.com/p/Deloitte-2b23b2ccbd3e80448544f2deafb4925b?pvs=21),"November 14, 2025 3:26 PM",,"May 21, 2026 10:26 AM",,,,Enterprise Architecture,
Chief Architect,84 days,Done - Cold,"February 11, 2026",ComputaCenter (https://app.notion.com/p/ComputaCenter-2b23b2ccbd3e80138d36c32cd332844c?pvs=21),"November 18, 2025 8:30 AM",,"May 21, 2026 10:26 AM",,,$180K - $220K USD,Enterprise Architecture,
Enterprise Architecture Lead,2 days,Done - Cold,"November 21, 2025",DPR - Construction (https://app.notion.com/p/DPR-Construction-2b23b2ccbd3e8084b98af89a46718e3e?pvs=21),"November 18, 2025 1:06 PM",,"May 21, 2026 10:26 AM",,,"$170,691-$292,614",Enterprise Architecture,
"AVP, Enterprise Architecture and Technology",70 days,Done,"January 28, 2026",RLI - Insurance (https://app.notion.com/p/RLI-Insurance-2b23b2ccbd3e80cdb988c14e35b9561c?pvs=21),"November 18, 2025 1:58 PM",,"May 21, 2026 10:27 AM",,,"$164,552.00 - $244,360.00",Enterprise Architecture,
Enterprise Architect Senior Manager,103 days,Done - Cold,"March 2, 2026",Accenture (https://app.notion.com/p/Accenture-2b23b2ccbd3e80e0aa0ffde30103c320?pvs=21),"November 18, 2025 3:22 PM",,"May 21, 2026 11:39 AM",,,,Enterprise Architecture,
Head of Architecture / Enterprise Architecture,47 days,Done,"January 8, 2026",Siemens (https://app.notion.com/p/Siemens-2b23b2ccbd3e80dbb9e2cfd143baa048?pvs=21),"November 21, 2025 10:00 AM",,"May 21, 2026 12:03 PM",,,230K-330K,Enterprise Architecture,
VP - Enterprise Architect,96 days,Done - Cold,"February 26, 2026",Maximus (https://app.notion.com/p/Maximus-2b23b2ccbd3e80309b89e07969bb9b9e?pvs=21),"November 21, 2025 11:08 AM",,"May 21, 2026 10:30 AM",,,250K - 290K,Enterprise Architecture,
"VP, Product Innovation",69 days,Done - Cold,"February 11, 2026",CSI  Learning Technologies (https://app.notion.com/p/CSI-Learning-Technologies-2be3b2ccbd3e80ea9f9ff8450aa09934?pvs=21),"December 3, 2025 1:14 PM",,"May 21, 2026 10:30 AM",,,,Product Executive,
Head of Enterprise Architecture,62 days,Done - Interviewed,"February 5, 2026",US Bank (https://app.notion.com/p/US-Bank-2bf3b2ccbd3e809e820ec0e56c35ae73?pvs=21),"December 4, 2025 8:37 AM",US Bank - Screening (https://app.notion.com/p/US-Bank-Screening-3643b2ccbd3e804f9c1fc58760b72449?pvs=21),"May 21, 2026 12:05 PM",,,"Base: $227,400
AIP: 55%
LTI: *89000
Annual all-in: $441,470",Enterprise Architecture,
Director Strategy & Initiative Design,97 days,Done - Interviewed,"March 12, 2026",Equinix (https://app.notion.com/p/Equinix-2b23b2ccbd3e80c189e0c32a4dbd97c4?pvs=21),"December 4, 2025 9:32 AM","Equinix - Sissi Jin (https://app.notion.com/p/Equinix-Sissi-Jin-3643b2ccbd3e80efb368de32e5e3abbd?pvs=21), Equinix - Screening (https://app.notion.com/p/Equinix-Screening-3643b2ccbd3e80229abad876a10378e4?pvs=21)","May 21, 2026 11:48 AM",,,220K + 30% Bonus + 203K RSU one-time + $130K Annual RSU,"Digital Strategic Initiatives, Strategy & Leadership",
"Director, Legal Technology",70 days,Done,"February 14, 2026",Equinix (https://app.notion.com/p/Equinix-2b23b2ccbd3e80c189e0c32a4dbd97c4?pvs=21),"December 5, 2025 12:52 PM",,"May 21, 2026 10:30 AM",,,"177,000 - 265,000 USD / Annual","Product Executive, Strategy & Leadership",
"Senior Director, Product Management - Commercial Excellence",61 days,Done,"February 9, 2026",Bain (https://app.notion.com/p/Bain-2c43b2ccbd3e80a3895bf235dd215ff5?pvs=21),"December 9, 2025 10:32 AM",,"May 21, 2026 11:40 AM",,,"$188,500-230,500","Product Executive, Strategy & Leadership",
Senior Director of IT,78 days,Done - Cold,"February 26, 2026",Thomas Edwards Group (https://app.notion.com/p/Thomas-Edwards-Group-2b23b2ccbd3e80898645ec14f6a4506d?pvs=21),"December 9, 2025 12:08 PM",,"May 21, 2026 10:30 AM",,,,,
Leader of Enterprise Architecture,78 days,Done - Cold,"February 26, 2026",Insight Global (https://app.notion.com/p/Insight-Global-2b23b2ccbd3e8026b708d5beafa33c27?pvs=21),"December 9, 2025 12:38 PM",,"May 21, 2026 10:30 AM",,,$185K/yr - $195K/yr,Enterprise Architecture,
"Director, Enterprise Applications",0 days,Done,"December 10, 2025",ECI Software Solutions (https://app.notion.com/p/ECI-Software-Solutions-2c43b2ccbd3e807dbe41c9dae9a6fc6a?pvs=21),"December 9, 2025 1:17 PM",,"May 21, 2026 11:47 AM",,,,Product Executive,
Lead Salesforce Architect,162 days,Done,,TEKSystems (https://app.notion.com/p/TEKSystems-2c43b2ccbd3e80ea93e3d7bd6993f2f2?pvs=21),"December 9, 2025 2:26 PM",,"May 21, 2026 10:20 AM",,,"• Pay Rate: $90.00/hour
• Bill Rate: $150.00 – $175.00/hour",Product Executive,
 ITSM Solution Architect,27 days,Done,"January 7, 2026",TEKSystems (https://app.notion.com/p/TEKSystems-2c43b2ccbd3e80ea93e3d7bd6993f2f2?pvs=21),"December 10, 2025 3:40 PM",,"May 21, 2026 10:32 AM",,,$90 ph,Product Executive,
"Senior Director, Enterprise Architecture",56 days,Done - Interviewed,"February 6, 2026",Keurig Dr Pepper (https://app.notion.com/p/Keurig-Dr-Pepper-2b23b2ccbd3e80759f7de9daa29c4ad0?pvs=21),"December 11, 2025 6:24 AM","KDP - Scott B (https://app.notion.com/p/KDP-Scott-B-3643b2ccbd3e805eb40de03683ac6627?pvs=21), KDP - Screening (https://app.notion.com/p/KDP-Screening-3643b2ccbd3e804cac81ff6c889f4508?pvs=21)","May 21, 2026 11:59 AM",,,240-260K/yr,Enterprise Architecture,
Chief Innovation Officer,0 days,Done - Cold,"December 11, 2025",GMi Commercial Construction (https://app.notion.com/p/GMi-Commercial-Construction-2c63b2ccbd3e807b8aa2d39ef65968fa?pvs=21),"December 11, 2025 9:46 AM",,"May 21, 2026 10:20 AM",,,300K-350K /yr,"Digital Strategic Initiatives, Strategy & Leadership",
"Director, IT Strategy & Governance",34 days,Done,"January 16, 2026",Brinker International (https://app.notion.com/p/Brinker-International-2c73b2ccbd3e806e8de9de91fe05675b?pvs=21),"December 12, 2025 12:21 PM",Brinker - Screening (https://app.notion.com/p/Brinker-Screening-3643b2ccbd3e805a9977c0f28b9bab58?pvs=21),"May 21, 2026 11:40 AM",,,$145k-$185K +20% bonus and $20k LTIP,"Digital Strategic Initiatives, Strategy & Leadership",
Head Technical Product Management,0 days,Done - Cold,"December 16, 2025",Larson & Toubro (https://app.notion.com/p/Larson-Toubro-2cb3b2ccbd3e8042b942f1e582990c48?pvs=21),"December 16, 2025 10:29 AM",,"May 21, 2026 10:20 AM",,,,Product Executive,
VP Global Architecture & Technology,0 days,Done,"December 16, 2025",Brinks (https://app.notion.com/p/Brinks-2b23b2ccbd3e805aa8c1d8142a03d318?pvs=21),"December 16, 2025 10:29 AM",,"May 21, 2026 10:20 AM",,,,Enterprise Architecture,
"Principal, Enterprise Architecture",0 days,Done,"January 3, 2026",Do It Best (https://app.notion.com/p/Do-It-Best-2dd3b2ccbd3e804f89f6dc4757965ffc?pvs=21),"January 3, 2026 11:51 AM",,"May 21, 2026 10:31 AM",,,"260,000",Enterprise Architecture,
"Vice President Architecture, Applications and Digital Technology",0 days,Done - Cold,"January 3, 2026",Lifespace Communities (https://app.notion.com/p/Lifespace-Communities-2dd3b2ccbd3e806c94bac8b472e1cc5a?pvs=21),"January 3, 2026 12:18 PM",,"May 21, 2026 10:31 AM",,,,"Enterprise Architecture, Product Executive",
Chief of Staff- Digital Go-to-Market and Digital Operations,0 days,Done,"January 7, 2026",Equinix (https://app.notion.com/p/Equinix-2b23b2ccbd3e80c189e0c32a4dbd97c4?pvs=21),"January 6, 2026 2:39 PM",,"May 21, 2026 10:32 AM",,,"177,000 - 265,000 USD / Annual",Strategy & Leadership,
Head of Information Technology,0 days,Done - Cold,"January 7, 2026",Addison Group (https://app.notion.com/p/Addison-Group-2e13b2ccbd3e8017ac04d3ce8659f0f2?pvs=21),"January 7, 2026 8:36 AM",,"May 21, 2026 10:32 AM",,,"$190,000-230,000",Product Executive,
Enterprise Architect,0 days,Done - Cold,"January 7, 2026",Reece USA (https://app.notion.com/p/Reece-USA-2b23b2ccbd3e80b09c81cafc6493ce3f?pvs=21),"January 7, 2026 8:43 AM",,"May 21, 2026 10:32 AM",,,n/a,Enterprise Architecture,
Enterprise Architecture Group Manager Senior Vice President,0 days,Done,"January 7, 2026",Citi (https://app.notion.com/p/Citi-2b23b2ccbd3e805e9eb5f3b6605b5401?pvs=21),"January 7, 2026 8:47 AM",,"May 21, 2026 10:32 AM",,,156K-234K,Enterprise Architecture,
"Sr. Director, Enterprise Solution Architecture",0 days,Done - Cold,"January 7, 2026",Ascension (https://app.notion.com/p/Ascension-2b23b2ccbd3e8011ba50da3daa9c112a?pvs=21),"January 7, 2026 9:00 AM",,"May 21, 2026 10:32 AM",,,"$146,000 - $248,200 per year",Enterprise Architecture,
"Senior Director, Technical Product Owner",0 days,Done,"January 8, 2026",KPMG (https://app.notion.com/p/KPMG-2b23b2ccbd3e806cb392cbdc7bf7af84?pvs=21),"January 8, 2026 9:29 AM",,"May 21, 2026 10:32 AM",,,,,
"Chief Architect, Director – Government and Public Sector (GPS)",59 days,Done,"March 9, 2026",EY (https://app.notion.com/p/EY-2e23b2ccbd3e80dfbee9d6c674dbcd2d?pvs=21),"January 8, 2026 10:01 AM",,"May 21, 2026 10:34 AM",,,,Enterprise Architecture,
Chief Architect Leader,0 days,Done,"January 12, 2026",Deloitte (https://app.notion.com/p/Deloitte-2b23b2ccbd3e80448544f2deafb4925b?pvs=21),"January 12, 2026 11:08 AM",,"May 21, 2026 10:32 AM",,,"$235,000 to $432,800.",Enterprise Architecture,
Director Digital Technology of Transformational Programs,36 days,Done,"February 18, 2026",ATI (https://app.notion.com/p/ATI-2e63b2ccbd3e8095afd1d8b49b874b70?pvs=21),"January 12, 2026 12:34 PM",,"May 21, 2026 10:33 AM",,,,,
Director Enterprise Architecture Strategy and Practice,40 days,Done,"February 23, 2026",Charles Schwab - Blacklist (https://app.notion.com/p/Charles-Schwab-Blacklist-2b23b2ccbd3e80d68a71e36061155aa4?pvs=21),"January 13, 2026 3:41 PM",,"May 21, 2026 10:33 AM",,,"USD $136,900.00 - $304,200.00 / Year",Enterprise Architecture,
Senior ServiceNow Specialist,0 days,Done,"January 14, 2026",TEKSystems (https://app.notion.com/p/TEKSystems-2c43b2ccbd3e80ea93e3d7bd6993f2f2?pvs=21),"January 14, 2026 1:24 PM",,"May 21, 2026 10:32 AM",,,,Product Executive,
"Senior Director, Portfolio Architect – Corporate Technology",11 days,Done,"January 26, 2026",TIAA (https://app.notion.com/p/TIAA-2e83b2ccbd3e8051bc96cc31f5c3dcc3?pvs=21),"January 14, 2026 1:33 PM",,"May 21, 2026 10:32 AM",,,"$146,000/yr - $175,000/yr",Enterprise Architecture,
VP of Enterprise Applications,14 days,Done,"January 29, 2026",Parkland Health (https://app.notion.com/p/Parkland-Health-2e83b2ccbd3e80baae2be279a6871e54?pvs=21),"January 14, 2026 1:48 PM",,"May 21, 2026 10:33 AM",,,,Product Executive,
Digital & Technology Product Director,106 days,Done,"May 1, 2026",CBRE (https://app.notion.com/p/CBRE-2b23b2ccbd3e80cfa64ec7e74534598c?pvs=21),"January 14, 2026 2:05 PM",,"May 21, 2026 10:17 AM",,,I asked for 240K,Product Executive,
"Senior Vice President, Technology Solutions",1 days,Done,"January 16, 2026",GXO Logistics Inc. (https://app.notion.com/p/GXO-Logistics-Inc-2e83b2ccbd3e804d94dae6abfaec8e16?pvs=21),"January 14, 2026 2:25 PM",,"May 21, 2026 10:32 AM",,,,,
"AVP, Technology Services",68 days,Done,"March 24, 2026",Vizient (https://app.notion.com/p/Vizient-2b23b2ccbd3e80b79188f8c81ded9033?pvs=21),"January 14, 2026 2:37 PM",,"May 21, 2026 12:06 PM",,,"$156,500 to $290,100",Product Executive,
Chief Architect (SVP),93 days,Done - Cold,,icon (https://app.notion.com/p/icon-2ee3b2ccbd3e809b85acc5bc76d83b4d?pvs=21),"January 20, 2026 1:36 PM",,"April 23, 2026 3:42 PM",,,200K - 250K/yr,Enterprise Architecture,
SVP Enterprise Data Strategy & Architecture,93 days,Done - Cold,,NorthMark Strategies (https://app.notion.com/p/NorthMark-Strategies-2ee3b2ccbd3e80eb810df4bc53b27fa2?pvs=21),"January 20, 2026 1:42 PM",,"April 23, 2026 3:42 PM",,,,"Enterprise Architecture, Strategy & Leadership",
Senior Director Enterprise Systems Transformation,91 days,Done - Cold,"April 23, 2026",Harnham (https://app.notion.com/p/Harnham-2ef3b2ccbd3e80f082f8ffe3f2d77a3b?pvs=21),"January 21, 2026 10:39 AM",,"May 21, 2026 10:17 AM",,,,Digital Strategic Initiatives,
"Sr Director of Customer Applications ",15 days,Done - Interviewed,"February 6, 2026",IDR Inc. (https://app.notion.com/p/IDR-Inc-2ef3b2ccbd3e80719625f84427c85ee2?pvs=21),"January 21, 2026 11:41 AM",,"May 21, 2026 10:33 AM",,,,Product Executive,
Enterprise Architect,47 days,Done,"March 10, 2026",Toyota (https://app.notion.com/p/Toyota-2b23b2ccbd3e805ab54be95e96d88b22?pvs=21),"January 21, 2026 11:47 AM",,"May 21, 2026 10:34 AM",,,,Enterprise Architecture,
Business Systems Analysis Manager,7 days,Done,"January 29, 2026",CISCO (https://app.notion.com/p/CISCO-2ef3b2ccbd3e80799066ecac834305e9?pvs=21),"January 21, 2026 1:26 PM",,"May 21, 2026 10:32 AM",,,"$132,300.00 - $200,100.00",,
Chief Architect - Retail,0 days,Done,"January 22, 2026",Bain (https://app.notion.com/p/Bain-2c43b2ccbd3e80a3895bf235dd215ff5?pvs=21),"January 22, 2026 9:15 AM",,"May 21, 2026 10:32 AM",,,"$195,500 - $239,500",Enterprise Architecture,
Business Strategist - Partner Experience,1 days,Done,"January 28, 2026",ServiceNow (https://app.notion.com/p/ServiceNow-2f43b2ccbd3e80128dbfc81fbbccd50e?pvs=21),"January 26, 2026 1:29 PM",,"May 21, 2026 10:32 AM",,,$60 ph,Strategy & Leadership,
"Director, Corporate Security Operations",62 days,Done,"March 30, 2026",Verizon (https://app.notion.com/p/Verizon-2f43b2ccbd3e80578356ffe82bd3d780?pvs=21),"January 26, 2026 1:36 PM",,"May 21, 2026 10:35 AM",,,"$144,000.00 - $276,000.00.",Strategy & Leadership,
Exec Partner - EA and Innovation,2 days,Done,"February 1, 2026",Gartner (https://app.notion.com/p/Gartner-2f73b2ccbd3e8027b2f8cb83ac51e26e?pvs=21),"January 29, 2026 11:59 AM",,"May 21, 2026 11:56 AM",,,"160,000 USD - 194,000 USD.","Enterprise Architecture, Strategy & Leadership",
"Executive Partner - EITL, Enterprise Architecture (EA)",17 days,Done,"February 16, 2026",Gartner (https://app.notion.com/p/Gartner-2f73b2ccbd3e8027b2f8cb83ac51e26e?pvs=21),"January 29, 2026 12:05 PM",,"May 21, 2026 11:56 AM",,,250-300K,Enterprise Architecture,
Business Analyst,12 days,Done,"February 11, 2026",ServiceNow (https://app.notion.com/p/ServiceNow-2f43b2ccbd3e80128dbfc81fbbccd50e?pvs=21),"January 29, 2026 1:03 PM",,"May 21, 2026 10:33 AM",,,60 usd per hour,Strategy & Leadership,
"Chief Architect, Technical Cross Enterprise Services",4 days,Done,"February 3, 2026",Charles Schwab - Blacklist (https://app.notion.com/p/Charles-Schwab-Blacklist-2b23b2ccbd3e80d68a71e36061155aa4?pvs=21),"January 29, 2026 3:12 PM",,"May 21, 2026 11:44 AM",,,"USD $157,400.00 - $349,800.00 / Year",Enterprise Architecture,
"Chief of Staff, Chief Digital & Innovation Officer",2 days,Done,"February 9, 2026",Equinix (https://app.notion.com/p/Equinix-2b23b2ccbd3e80c189e0c32a4dbd97c4?pvs=21),"February 6, 2026 3:01 PM",,"May 21, 2026 10:33 AM",,,"200,000 - 300,000 USD / Annual","Digital Strategic Initiatives, Strategy & Leadership",
"Director, Technology Innovation & Architecture",57 days,Done,"April 9, 2026",Mckesson - Blacklist (https://app.notion.com/p/Mckesson-Blacklist-2b23b2ccbd3e80dfaaa2f8ec74c771e6?pvs=21),"February 10, 2026 3:42 PM",,"May 21, 2026 12:00 PM",,,"$155,200 - $258,600",Enterprise Architecture,
Sr Mgr. Technology and Digital Transformation,2 days,Done,"February 13, 2026",Pepsi (https://app.notion.com/p/Pepsi-2b23b2ccbd3e803a88d6c390f10c858a?pvs=21),"February 10, 2026 4:16 PM",,"May 21, 2026 10:33 AM",,,118K to 190K,Strategy & Leadership,
"Managing Director, Enterprise Systems Engineering",14 days,Done,"February 25, 2026",Telus (https://app.notion.com/p/Telus-3033b2ccbd3e80bfbbc4ceca31f0f0a1?pvs=21),"February 10, 2026 5:07 PM",,"May 21, 2026 10:33 AM",,,200K-250K,Product Executive,
VP Transformation and Strategic Initiatives,99 days,Done - Cold,,NiCE (https://app.notion.com/p/NiCE-3033b2ccbd3e80d28c8af6834f5a6409?pvs=21),"February 10, 2026 5:13 PM",,"May 21, 2026 10:48 AM",,,,Strategy & Leadership,
Director - Technology Strategy & Governance,20 days,Done,"March 3, 2026",Gap Inc (https://app.notion.com/p/Gap-Inc-3043b2ccbd3e80f4a546dba4a8649d27?pvs=21),"February 10, 2026 5:23 PM",,"May 21, 2026 10:34 AM",,,,Strategy & Leadership,
"VP, Enterprise Applications",62 days,Done,"April 15, 2026",Strata Decision Technology (https://app.notion.com/p/Strata-Decision-Technology-3043b2ccbd3e809cab61f0dc40e9207e?pvs=21),"February 11, 2026 12:18 PM",,"May 21, 2026 12:04 PM",,,"$200,000-230,000","Product Executive, Strategy & Leadership",
Staff Product Manager - Digital Transformation SaaS Collaboration,98 days,Done - Cold,,General Motors (https://app.notion.com/p/General-Motors-3053b2ccbd3e80179b08ded176d223cb?pvs=21),"February 11, 2026 6:16 PM",,"May 21, 2026 10:48 AM",,,,Product Executive,
Principal – Tech Innovation Practice (Technical Architecture & Delivery Focus),7 days,Done,"February 19, 2026",Oliver Wyman (https://app.notion.com/p/Oliver-Wyman-3053b2ccbd3e80bab7e3f9fe14f9c37d?pvs=21),"February 11, 2026 6:20 PM",,"May 21, 2026 10:33 AM",,,190K- 265K,Product Executive,
Director of Technology Strategy & Integration,70 days,Done - Cold,"April 23, 2026",Equify Financial LLC (https://app.notion.com/p/Equify-Financial-LLC-3053b2ccbd3e80969452f10e9bcb69f6?pvs=21),"February 11, 2026 6:41 PM",,"May 21, 2026 10:48 AM",,,,Product Executive,
Principal Technical Business Management,63 days,Done,"April 16, 2026",AT&T (https://app.notion.com/p/AT-T-2b23b2ccbd3e8006a033d8665e0dd2a1?pvs=21),"February 11, 2026 6:51 PM",,"May 21, 2026 10:36 AM",,,"$130,700-$196,100 ","Product Executive, Strategy & Leadership",
"Managing Director, Technical Chief Integration Officer",46 days,Done,"March 30, 2026",KPMG (https://app.notion.com/p/KPMG-2b23b2ccbd3e806cb392cbdc7bf7af84?pvs=21),"February 11, 2026 7:13 PM",,"May 21, 2026 10:35 AM",,,350-400k,Product Executive,
SVP IT Business Partner,333 days,Done - Cold,"January 12, 2027",Sedgwick (https://app.notion.com/p/Sedgwick-3053b2ccbd3e80d4a5def3923bbdbd63?pvs=21),"February 12, 2026 3:50 PM",,"May 21, 2026 10:48 AM",,,190K,Strategy & Leadership,
Senior Director of Technology Solutions,69 days,Done - Cold,"April 23, 2026",Insight Global (https://app.notion.com/p/Insight-Global-2b23b2ccbd3e8026b708d5beafa33c27?pvs=21),"February 12, 2026 4:02 PM",,"May 21, 2026 10:15 AM",,,$175K - $225K,"Digital Strategic Initiatives, Strategy & Leadership",
"Chief of Staff, Architecture & Engineering Excellence",3 days,Done,"February 17, 2026",Equinix (https://app.notion.com/p/Equinix-2b23b2ccbd3e80c189e0c32a4dbd97c4?pvs=21),"February 13, 2026 2:41 PM",,"May 21, 2026 11:47 AM",,,"177,000 - 265,000 USD / Annual",Strategy & Leadership,
CRM Strategy Director,64 days,Done - Cold,"April 23, 2026",Deloitte (https://app.notion.com/p/Deloitte-2b23b2ccbd3e80448544f2deafb4925b?pvs=21),"February 17, 2026 10:33 AM",,"May 21, 2026 10:15 AM",,,175K - 320K,Strategy & Leadership,
Group Engineering Leader for Deloitte’s Tax business,91 days,Done,"May 20, 2026",Deloitte (https://app.notion.com/p/Deloitte-2b23b2ccbd3e80448544f2deafb4925b?pvs=21),"February 17, 2026 1:37 PM",,"May 21, 2026 10:15 AM",,,"$144,300 to $265,600.","Product Executive, Strategy & Leadership",
"Vice President, Head of Product",64 days,Done - Cold,"April 23, 2026",FieldPulse (https://app.notion.com/p/FieldPulse-30a3b2ccbd3e80238e4fdf4530c70a0d?pvs=21),"February 17, 2026 2:53 PM",,"May 21, 2026 10:15 AM",,,,Product Executive,
Director of Modern Manufacturing IT Capabilities,44 days,Done - Cold,"April 3, 2026",Caterpillar (https://app.notion.com/p/Caterpillar-30a3b2ccbd3e802fa732c2eaca35c33f?pvs=21),"February 17, 2026 3:29 PM",,"May 21, 2026 11:41 AM",,,"$189,080.00 - $283,630.00",Product Executive,
Director of IT,64 days,Done - Cold,"April 23, 2026",Customer.io (https://app.notion.com/p/Customer-io-30a3b2ccbd3e803caeabd8625224ffe5?pvs=21),"February 17, 2026 3:51 PM",,"May 21, 2026 10:15 AM",,,"$170,000 - $185,000 USD",Product Executive,
"Associate VP, Technology Solutions",56 days,Done,"April 15, 2026",Humana (https://app.notion.com/p/Humana-30a3b2ccbd3e802eb075c3b1b3b61da0?pvs=21),"February 17, 2026 4:03 PM",,"May 21, 2026 8:57 AM",,,"$189,400 - $260,500 per year",Product Executive,
Director of IT,32 days,Done,"March 23, 2026",Coder (https://app.notion.com/p/Coder-30b3b2ccbd3e807f8722d7871c0a4d83?pvs=21),"February 18, 2026 11:58 AM",,"May 21, 2026 11:45 AM",,,$164K – $223K • Offers Equity • Offers Bonus,Product Executive,
"Senior Vice President (SVP), Technology & Innovation",63 days,Done - Cold,"April 23, 2026",Confidential (https://app.notion.com/p/Confidential-30b3b2ccbd3e80e8b74cf4f4baadaec1?pvs=21),"February 18, 2026 12:33 PM",,"May 21, 2026 10:15 AM",,,"$300,000 - $400,000 USD",Strategy & Leadership,
"VP Product Management, Managed & Professional Services",63 days,Done - Cold,"April 23, 2026",TPX (https://app.notion.com/p/TPX-30b3b2ccbd3e80d091c9da13c63f22be?pvs=21),"February 18, 2026 12:36 PM",,"May 21, 2026 10:15 AM",,,"$225,800 – $260,000",Strategy & Leadership,
Sr. Director Technology & Engineering,47 days,Done,"April 7, 2026",Mckesson - Blacklist (https://app.notion.com/p/Mckesson-Blacklist-2b23b2ccbd3e80dfaaa2f8ec74c771e6?pvs=21),"February 18, 2026 12:40 PM",,"May 21, 2026 10:35 AM",,,"$174,900 - $291,500",Strategy & Leadership,
Director of Technology,63 days,Done - Cold,"April 23, 2026",Apex Systems (https://app.notion.com/p/Apex-Systems-30b3b2ccbd3e8042b060d9371966a58d?pvs=21),"February 18, 2026 12:50 PM",,"May 21, 2026 10:15 AM",,,,Strategy & Leadership,
"Senior Director, Strategy and Planning",17 days,Done,"March 9, 2026",Salesforce (https://app.notion.com/p/Salesforce-2b23b2ccbd3e80c799e9cf6c38ef933c?pvs=21),"February 19, 2026 10:00 AM",,"May 21, 2026 10:34 AM",,,"$196,800 - $300,200",Strategy & Leadership,
Chief of Staff to Executive Director,0 days,Done,"February 20, 2026",Synopsis Inc (https://app.notion.com/p/Synopsis-Inc-30c3b2ccbd3e80a88a7cd56d9f367655?pvs=21),"February 19, 2026 11:04 AM",,"May 21, 2026 10:33 AM",,,,Strategy & Leadership,
Senior Staff Technical Program Manager (TPM),62 days,Done - Cold,"April 23, 2026",CISCO (https://app.notion.com/p/CISCO-2ef3b2ccbd3e80799066ecac834305e9?pvs=21),"February 19, 2026 12:48 PM",,"May 21, 2026 10:14 AM",,,"$168,800.00 - $246,900.00",Digital Strategic Initiatives,
Technical Product Manager – Senior / Job ID: ATTJP00040045,62 days,Done - Cold,"April 23, 2026",Primus Soft (https://app.notion.com/p/Primus-Soft-30c3b2ccbd3e8046b1ccd5f66156c1cd?pvs=21),"February 19, 2026 4:37 PM",,"May 21, 2026 10:14 AM",,,Hourly,Strategy & Leadership,
Sr. Dir. Transformations,5 days,Done - Cold,"February 25, 2026",Fossil Group (https://app.notion.com/p/Fossil-Group-30c3b2ccbd3e80748481cfb76754fc79?pvs=21),"February 19, 2026 5:23 PM",,"May 21, 2026 11:52 AM",,,"260,000",Strategy & Leadership,
Director of Product Management,62 days,Done - Cold,"April 23, 2026",NTT Data (https://app.notion.com/p/NTT-Data-2b23b2ccbd3e801bbe58f51d0bb99545?pvs=21),"February 19, 2026 5:29 PM",,"May 21, 2026 10:14 AM",,"353993 ","$120,000 - $225,000 per year",Product Executive,
Technology Director Enterprise Functions Technology,-10 days,Done,"February 10, 2026",Wells Fargo - Blacklist (https://app.notion.com/p/Wells-Fargo-Blacklist-30d3b2ccbd3e80d38c89f7a86cc9fc8a?pvs=21),"February 20, 2026 11:33 AM",,"May 21, 2026 10:33 AM",,,"$215,000.00 - $355,000.00",Strategy & Leadership,
"Director, Product Management",48 days,Done,"April 10, 2026",Thomson Reuters - Blacklist (https://app.notion.com/p/Thomson-Reuters-Blacklist-2b23b2ccbd3e80e8a8c1cd6699b9fef2?pvs=21),"February 20, 2026 4:47 PM",,"May 21, 2026 10:35 AM",,,150K - 337K /yr,Product Executive,
"Director, Portfolio Management- HP Solutions",40 days,Done - Cold,"April 2, 2026",Hewlett Packard (https://app.notion.com/p/Hewlett-Packard-2b23b2ccbd3e8087a922d2ae6aa7fcf8?pvs=21),"February 20, 2026 8:15 PM",,"May 21, 2026 11:57 AM",,,"$159,650 to $255,450 USD",Strategy & Leadership,
"Senior Director, Head of Digital Applications",6 days,Done,"March 3, 2026",Bentley (https://app.notion.com/p/Bentley-3113b2ccbd3e80f5bc95c80e8059c540?pvs=21),"February 24, 2026 11:34 AM",,"May 21, 2026 11:40 AM",,,"$ 260,000",Strategy & Leadership,
"Executive Director - Strategy, Architecture and Application Modernization",57 days,Done - Cold,"April 23, 2026",CVS (https://app.notion.com/p/CVS-2b23b2ccbd3e8032a26dedb18ea8c723?pvs=21),"February 24, 2026 1:49 PM",,"May 21, 2026 10:14 AM",,,"$175,100.00 - $334,750.00","Digital Strategic Initiatives, Product Executive",
Head of Enterprise Architecture,57 days,Done - Cold,"April 23, 2026",Bellwood  (https://app.notion.com/p/Bellwood-3113b2ccbd3e8005b9c9d1e1176ece64?pvs=21),"February 24, 2026 2:32 PM",,"May 21, 2026 10:14 AM",,,"$ 260,000",Strategy & Leadership,
"Principal Enterprise Architect, Digital Solutions ",21 days,Done,"March 19, 2026",Mckesson - Blacklist (https://app.notion.com/p/Mckesson-Blacklist-2b23b2ccbd3e80dfaaa2f8ec74c771e6?pvs=21),"February 25, 2026 9:09 AM",,"May 21, 2026 12:00 PM",,,"$178,800 - $298,000",Enterprise Architecture,
"Sr Director, Enterprise AI Leader",50 days,Done,"April 17, 2026",Mckesson - Blacklist (https://app.notion.com/p/Mckesson-Blacklist-2b23b2ccbd3e80dfaaa2f8ec74c771e6?pvs=21),"February 25, 2026 9:14 AM",,"May 21, 2026 12:00 PM",,,"$179,600 - $299,400","Digital Strategic Initiatives, Product Executive",
AI Product Management,56 days,Done - Cold,"April 23, 2026",Talent Groups (https://app.notion.com/p/Talent-Groups-3123b2ccbd3e80f49728fca49807fb6e?pvs=21),"February 25, 2026 2:37 PM",,"May 21, 2026 10:13 AM",,,,Product Executive,
Business Technology Enterprise Architect - QSR Industry - Commerce & Omni Channel Domain,81 days,Done - Interviewed,"May 19, 2026",Capgemini (https://app.notion.com/p/Capgemini-3133b2ccbd3e80ed95dfc508bed64dd3?pvs=21),"February 26, 2026 11:14 AM","Cap Gemini - Screening (https://app.notion.com/p/Cap-Gemini-Screening-3643b2ccbd3e80e09e9addb3c82c89af?pvs=21), Cap Gemini - James Machala (Cancelled) (https://app.notion.com/p/Cap-Gemini-James-Machala-Cancelled-3643b2ccbd3e80e090d5de005814bdc7?pvs=21), Cap Gemini - Randall Potter (https://app.notion.com/p/Cap-Gemini-Randall-Potter-3643b2ccbd3e808593c8c289750f67e8?pvs=21)","May 19, 2026 5:10 PM",,,"$93,800 - $250,640",Enterprise Architecture,
VP AI Transformation,6 days,Done - Interviewed,"March 6, 2026",Compass Datacenters (https://app.notion.com/p/Compass-Datacenters-3143b2ccbd3e80a9a027e9e2a17ffc68?pvs=21),"February 27, 2026 9:40 AM",Compass Datacenters (https://app.notion.com/p/Compass-Datacenters-3643b2ccbd3e80e6b98df8afc3507d61?pvs=21),"May 21, 2026 11:45 AM",,,"310,000 + LTI + Bonus",Digital Strategic Initiatives,
"Senior Director, IT Strategy & Delivery",58 days,Done - Cold,"April 27, 2026",A-Line Staffing Solutions (https://app.notion.com/p/A-Line-Staffing-Solutions-3143b2ccbd3e8043be77efbf72401502?pvs=21),"February 27, 2026 10:27 AM",,"May 21, 2026 10:13 AM",,,,Strategy & Leadership,
Transformation Program Mgr,51 days,Done - Cold,"April 23, 2026",Eversheds Sutherland (https://app.notion.com/p/Eversheds-Sutherland-3173b2ccbd3e80bcb127f54031f7f18b?pvs=21),"March 2, 2026 9:37 AM",,"May 21, 2026 10:13 AM",,,,Strategy & Leadership,
"Senior Manager, Enterprise Architect",0 days,Done,"March 2, 2026",Accenture (https://app.notion.com/p/Accenture-2b23b2ccbd3e80e0aa0ffde30103c320?pvs=21),"March 2, 2026 9:59 AM",,"May 21, 2026 10:34 AM",,,,Strategy & Leadership,
Executive Director- Digital Finance,51 days,Done - Cold,"April 23, 2026",US Government (https://app.notion.com/p/US-Government-3173b2ccbd3e8059b175c7c13e954018?pvs=21),"March 2, 2026 1:11 PM",,"May 21, 2026 10:13 AM",,,,Strategy & Leadership,
Enterprise Software Tech Lead,0 days,Done,"March 3, 2026",PWC (https://app.notion.com/p/PWC-2b23b2ccbd3e80aab64cc87ead66e1bb?pvs=21),"March 2, 2026 6:51 PM",,"May 21, 2026 10:34 AM",,," $91,000 - $321,500",Product Executive,
Solution Architecture,0 days,Done,"March 2, 2026",PWC (https://app.notion.com/p/PWC-2b23b2ccbd3e80aab64cc87ead66e1bb?pvs=21),"March 2, 2026 7:57 PM",,"May 21, 2026 10:34 AM",,,"$155,000 - $410,000",Strategy & Leadership,
"Director - Technology Strategy, Planning & Support",50 days,Done - Cold,"April 23, 2026",Liberty Mutual (https://app.notion.com/p/Liberty-Mutual-3183b2ccbd3e80b4a9b0d69113f9363f?pvs=21),"March 3, 2026 10:32 AM",,"May 21, 2026 10:12 AM",,,,Strategy & Leadership,
"Applications Development Technology Sr Lead Analyst, SVP",0 days,Done,"March 5, 2026",Citi (https://app.notion.com/p/Citi-2b23b2ccbd3e805e9eb5f3b6605b5401?pvs=21),"March 4, 2026 9:01 AM",,"May 21, 2026 10:34 AM",,,"$176,720.00 - $265,080.00",Product Executive,
Technology Product Management - Senior Vice President,78 days,Done,"May 22, 2026",Citi (https://app.notion.com/p/Citi-2b23b2ccbd3e805e9eb5f3b6605b5401?pvs=21),"March 4, 2026 5:45 PM",,"May 22, 2026 10:46 AM",,26938613,"$169,600.00 - $254,400.00",Product Executive,
VP Product Management,48 days,Done - Cold,"April 23, 2026",Energy Hub (https://app.notion.com/p/Energy-Hub-31a3b2ccbd3e8031a38df3b35d2d9f25?pvs=21),"March 5, 2026 9:50 AM",,"May 21, 2026 10:11 AM",,,$220/yr - $260/yr,Product Executive,
"VP, Enterprise Technology Initiatives",48 days,Done - Cold,"April 23, 2026",Gartner (https://app.notion.com/p/Gartner-2f73b2ccbd3e8027b2f8cb83ac51e26e?pvs=21),"March 5, 2026 10:16 AM",,"May 21, 2026 10:11 AM",,,"164,000 USD - 226,000 USD",Strategy & Leadership,"VP, Enterprise Technology Initiatives"
"VP, Product Strategy & Operations",47 days,Done - Cold,"April 23, 2026",Gartner (https://app.notion.com/p/Gartner-2f73b2ccbd3e8027b2f8cb83ac51e26e?pvs=21),"March 6, 2026 8:22 AM",,"May 21, 2026 10:11 AM",,,"164,000 USD - 226,000 USD. ",Product Executive,
"VP, Product Management for Leasing Accounts Business and Digital Marketing",0 days,Done,"March 10, 2026",CBRE (https://app.notion.com/p/CBRE-2b23b2ccbd3e80cfa64ec7e74534598c?pvs=21),"March 10, 2026 11:57 AM",,"July 9, 2026 1:54 PM",,258941,280000,Product Executive,
"Director, Product & Technology Strategy & Enablement",8 days,Done,"March 19, 2026",Deltek (https://app.notion.com/p/Deltek-31f3b2ccbd3e8088b82ecdec5128c300?pvs=21),"March 10, 2026 1:51 PM",,"May 21, 2026 10:35 AM",,,,Strategy & Leadership,
Digital & AI Strategy Director,1 days,Done,"March 12, 2026",PWC (https://app.notion.com/p/PWC-2b23b2ccbd3e80aab64cc87ead66e1bb?pvs=21),"March 10, 2026 2:04 PM",,"May 21, 2026 10:35 AM",,,,Strategy & Leadership,
Chief of Staff - Corporate Functions,8 days,Done,"March 19, 2026",Equinix (https://app.notion.com/p/Equinix-2b23b2ccbd3e80c189e0c32a4dbd97c4?pvs=21),"March 10, 2026 3:01 PM",,"May 21, 2026 10:35 AM",,,"177,000 - 265,000 USD / Annual",Strategy & Leadership,
"Senior Director, Technical Program Management Office",6 days,Done,"March 17, 2026",Equinix (https://app.notion.com/p/Equinix-2b23b2ccbd3e80c189e0c32a4dbd97c4?pvs=21),"March 10, 2026 3:14 PM",,"May 21, 2026 10:35 AM",,,"200,000 - 300,000 USD / Annual",Digital Strategic Initiatives,
"Senior Director, Product Management - Commercial Excellence",30 days,Done,"April 10, 2026",Bain (https://app.notion.com/p/Bain-2c43b2ccbd3e80a3895bf235dd215ff5?pvs=21),"March 10, 2026 4:04 PM",,"May 21, 2026 10:35 AM",,,,Product Executive,
"Sr Dir, Portfolio Architect - Corporate Technology",0 days,Done,"March 11, 2026",TIAA (https://app.notion.com/p/TIAA-3203b2ccbd3e8054912bd3e3e7e33962?pvs=21),"March 11, 2026 3:50 PM",,"May 21, 2026 10:34 AM",,,,Enterprise Architecture,
Director of Business Transformation,39 days,Done - Cold,"April 20, 2026",Charles Schwab - Blacklist (https://app.notion.com/p/Charles-Schwab-Blacklist-2b23b2ccbd3e80d68a71e36061155aa4?pvs=21),"March 11, 2026 3:55 PM",,"May 21, 2026 11:44 AM",,,"USD $150,000.00 - $200,000.00 / Year",Strategy & Leadership,
Vice President of Information Technology,0 days,Done,"March 16, 2026",Kubota Tractor Corporation (https://app.notion.com/p/Kubota-Tractor-Corporation-3253b2ccbd3e805bb0a2c21bae4fc8ff?pvs=21),"March 16, 2026 2:49 PM",,"May 21, 2026 10:35 AM",,,$179K - $322K a year,Digital Strategic Initiatives,
"Vice President, Technical Program Management, Commercial, MarTech, and Data ",36 days,Done - Cold,"April 23, 2026",Sirius XM (https://app.notion.com/p/Sirius-XM-3263b2ccbd3e801fbd36d7fbb162018c?pvs=21),"March 17, 2026 9:13 AM",,"May 21, 2026 10:10 AM",,,"$228,000 to $335,000","Digital Strategic Initiatives, Product Executive",
"Executive Director, Data Center Programs & Strategy - AI/HPC ",37 days,Done - Cold,"April 24, 2026",Madison-Davis LLC (https://app.notion.com/p/Madison-Davis-LLC-3263b2ccbd3e80e7b970c2599c89d42d?pvs=21),"March 17, 2026 9:14 AM",,"May 21, 2026 10:10 AM",,,,"Digital Strategic Initiatives, Strategy & Leadership",
"Vice President, Information Technology - Global - Data Center Development",37 days,Done - Cold,"April 24, 2026",Metric DCX (https://app.notion.com/p/Metric-DCX-3263b2ccbd3e8087abe9f833b393bc53?pvs=21),"March 17, 2026 10:51 AM",,"May 21, 2026 10:10 AM",,,,Strategy & Leadership,
"Executive Director, Head of Product - CMX",34 days,Done - Cold,"April 23, 2026",CVS (https://app.notion.com/p/CVS-2b23b2ccbd3e8032a26dedb18ea8c723?pvs=21),"March 19, 2026 8:15 AM",,"May 21, 2026 10:10 AM",,R0856838,"$131,500.00 - $303,195.00",Product Executive,
Sr. Director or VP of Product Management,34 days,Done - Cold,"April 23, 2026",Fortiv / Intelex (https://app.notion.com/p/Fortiv-Intelex-3283b2ccbd3e8078bbccd1720b22375a?pvs=21),"March 19, 2026 3:02 PM",,"May 21, 2026 10:10 AM",,8728,"133,600.00 - 248,500.00",Product Executive,
Principal Enterprise Strategist - Integrated Technology Solutions/Digital Velocity (Pre sales Engineering),34 days,Done - Cold,"April 23, 2026",CDW (https://app.notion.com/p/CDW-3283b2ccbd3e80949af9f7022e7345b1?pvs=21),"March 19, 2026 3:04 PM",,"May 21, 2026 10:10 AM",,R26_00001107,"$ 151,350- $ 211,870,",Digital Strategic Initiatives,https://www.cdwjobs.com/jobs/17448680-principal-enterprise-strategist-integrated-technology-solutions-slash-digital-velocity?bid=370&rx_campaign=Linkedin1&rx_ch=connector&rx_group=110011&rx_id=750cb813-1c38-11f1-bcf7-936b29e5fe1f&rx_job=R26_00001107&rx_medium=post&rx_r=none&rx_source=Linkedin&rx_ts=20260319T121206Z&rx_viewer=3543dca701ee11f1a36f99db3f7ca48cb1bfb9e177ff4a059b5f5bd6b98254c6&rx_vp=slots&tm_company=2376&tm_event=view&tm_job=R26%255F00001107
SVP Product Manager,34 days,Done - Cold,"April 23, 2026",PennyMac (https://app.notion.com/p/PennyMac-3283b2ccbd3e80249f08d2a0c1de6533?pvs=21),"March 19, 2026 3:08 PM",,"May 21, 2026 10:10 AM",,37386,"$140,000 - $175,000",Product Executive,"https://careers.pennymac.com/jobs/37386/Senior+Vice+President,+Product+Manager?lang=en-US&mode=apply&iis=LinkedIn&iisn=LinkedIn"
"Sr. Director, Product Management – Customer Experience Technology ",35 days,Done - Cold,"April 24, 2026",Keurig Dr Pepper (https://app.notion.com/p/Keurig-Dr-Pepper-2b23b2ccbd3e80759f7de9daa29c4ad0?pvs=21),"March 19, 2026 3:15 PM",,"May 21, 2026 10:10 AM",,2026-134338,,"Digital Strategic Initiatives, Product Executive",
"Sr. Director, Product Management",35 days,Done - Cold,"April 24, 2026",RedStream Technology (https://app.notion.com/p/RedStream-Technology-3283b2ccbd3e801e85e6de2526dfbbb6?pvs=21),"March 19, 2026 3:26 PM",,"May 21, 2026 10:10 AM",,,,Product Executive,
Sr Director of DSD Digital Excellence,19 days,Done,"April 14, 2026",Keurig Dr Pepper (https://app.notion.com/p/Keurig-Dr-Pepper-2b23b2ccbd3e80759f7de9daa29c4ad0?pvs=21),"March 25, 2026 10:32 PM",,"May 21, 2026 10:36 AM",,2026-134338,"$183,500 - $261,500 / year",Product Executive,https://apply.keurigdrpepper.com/careers?domain=kdrp.com&query=DSD+Digital+Excellence&start=0&location=United+States&pid=1305710764767&sort_by=match&filter_include_remote=1
"AVP, Cross Segment Technology",-3 days,Done,"March 23, 2026",Humana (https://app.notion.com/p/Humana-30a3b2ccbd3e802eb075c3b1b3b61da0?pvs=21),"March 26, 2026 5:28 PM",,"May 21, 2026 8:56 AM",,R-410425,"$189,400 - $260,500 per year",,
Specialty Seller - Application Services,15 days,Done - Interviewed,"April 16, 2026",NTT Data (https://app.notion.com/p/NTT-Data-2b23b2ccbd3e801bbe58f51d0bb99545?pvs=21),"March 31, 2026 10:02 PM","NTT Data - Screening (https://app.notion.com/p/NTT-Data-Screening-3643b2ccbd3e80febb6fd85fa8630dd6?pvs=21), NTT Data - Angshuman (https://app.notion.com/p/NTT-Data-Angshuman-3643b2ccbd3e80eeadc6cdf2fe73a59b?pvs=21), NTT Data - Santhosh (https://app.notion.com/p/NTT-Data-Santhosh-3643b2ccbd3e80bc8693eb27eacfea74?pvs=21)","May 21, 2026 12:01 PM",,364486,"$127,577 - 236,254",Sales,https://nttdata.eightfold.ai/careers/job/563327933709000
"Senior Director, Digital & Technology Services – AI & Data Strategy ",103 days,In progress,,Alvarez & Marsal (https://app.notion.com/p/Alvarez-Marsal-33e3b2ccbd3e809c9db8eff072f678c1?pvs=21),"April 10, 2026 2:16 PM",,"April 10, 2026 2:33 PM",,,,Strategy & Leadership,
Head of BizTech Program Management,54 days,Done,"June 4, 2026",Harvey (https://app.notion.com/p/Harvey-33e3b2ccbd3e8063b2a3f3fbe6f5322a?pvs=21),"April 10, 2026 2:39 PM",,"June 4, 2026 10:07 PM",,,"$198,900 - $298,300 USD",Strategy & Leadership,
Head of Information Technology,99 days,In progress,,Evolve Search (https://app.notion.com/p/Evolve-Search-3423b2ccbd3e80f6b8b1e308b14784f9?pvs=21),"April 14, 2026 3:22 PM",,"April 14, 2026 3:24 PM",,,,Digital Strategic Initiatives,
VP Enterprise Architecture,3 days,Done,"April 18, 2026",Newrez (https://app.notion.com/p/Newrez-3423b2ccbd3e8021a3e1e4b3cb11e6de?pvs=21),"April 14, 2026 3:29 PM",,"May 21, 2026 12:00 PM",,R9665,"280,000",Enterprise Architecture,
"National Manager, Product Management",11 days,Done,"April 27, 2026",Toyota (https://app.notion.com/p/Toyota-2b23b2ccbd3e805ab54be95e96d88b22?pvs=21),"April 15, 2026 11:08 AM",,"May 21, 2026 10:09 AM",,10320403,I quoted 250K,Product Executive,
"VP, Enterprise Applications",98 days,In progress,,Cornerstone TTS (https://app.notion.com/p/Cornerstone-TTS-3433b2ccbd3e80a7a0d3eefbbfde3f89?pvs=21),"April 15, 2026 12:42 PM",,"April 15, 2026 12:42 PM",,,,Digital Strategic Initiatives,
"Senior Director, Enterprise Transformation & Process Excellence",41 days,Done,"May 27, 2026",Zendesk (https://app.notion.com/p/Zendesk-2b23b2ccbd3e8091947dead35fc0aedd?pvs=21),"April 15, 2026 1:38 PM",,"May 27, 2026 9:30 AM",,R34542,"$241,000.00-$361,000.00.","Digital Strategic Initiatives, Strategy & Leadership",
Lead Project/Program Management,73 days,Done - Interviewed,"June 29, 2026",AT&T (https://app.notion.com/p/AT-T-2b23b2ccbd3e8006a033d8665e0dd2a1?pvs=21),"April 16, 2026 2:39 PM","AT&T - First round (https://app.notion.com/p/AT-T-First-round-3643b2ccbd3e80ff9003d315ff6caa27?pvs=21), AT&T - Second Round (https://app.notion.com/p/AT-T-Second-Round-3733b2ccbd3e80d58b45e114c1d3d42d?pvs=21)","June 29, 2026 11:49 AM",,,"$118,800.00 - $178,200.00",Strategy & Leadership,
Transition Manager,97 days,In progress,,Infosys (https://app.notion.com/p/Infosys-3443b2ccbd3e80519c6bfad1b866d7ab?pvs=21),"April 16, 2026 2:41 PM",,"April 16, 2026 2:42 PM",,,,Strategy & Leadership,
Program Manager – QSR Industry - Commerce & Omni Channel Domain,28 days,Done - Interviewed,"May 19, 2026",Capgemini (https://app.notion.com/p/Capgemini-3133b2ccbd3e80ed95dfc508bed64dd3?pvs=21),"April 20, 2026 10:11 AM","Cap Gemini - Chad Klekar (https://app.notion.com/p/Cap-Gemini-Chad-Klekar-3643b2ccbd3e80c4a07bdd01f4bc9c92?pvs=21), Cap Gemini - Rupali (https://app.notion.com/p/Cap-Gemini-Rupali-3643b2ccbd3e80eaa853fcbc2b556758?pvs=21)","May 19, 2026 5:10 PM",,,"220,000","Digital Strategic Initiatives, Product Executive, Strategy & Leadership",
"Product Management, Director",90 days,In progress,,Meta (https://app.notion.com/p/Meta-34b3b2ccbd3e802c9fbdec0848841d7a?pvs=21),"April 23, 2026 9:27 AM",,"April 23, 2026 9:29 AM",,,,Product Executive,
Senior Director- Digital Engineering (Transact & Retain),90 days,In progress,,Catalyst Brands (https://app.notion.com/p/Catalyst-Brands-2b23b2ccbd3e8011a8d1e84cd7379643?pvs=21),"April 23, 2026 9:32 AM",,"April 23, 2026 9:52 AM",,8434,159K-265K pa,Product Executive,
"Director/Sr Director of Product Management, Data Foundations",5 days,Done,"April 29, 2026",Salesforce (https://app.notion.com/p/Salesforce-2b23b2ccbd3e80c799e9cf6c38ef933c?pvs=21),"April 23, 2026 11:14 AM",,"May 21, 2026 12:03 PM",,JR333090,"$197,300 - $365,200",Product Executive,
"Group Manager, Digital Product Management",90 days,In progress,,7 Eleven (https://app.notion.com/p/7-Eleven-34b3b2ccbd3e809498c1c24056065dc4?pvs=21),"April 23, 2026 11:16 AM",,"May 18, 2026 11:22 AM",,R26_1570,"260,000",Product Executive,
Senior Director of Enterprise Applications,25 days,Done - Interviewed,"May 19, 2026",Witherite Law Group  (https://app.notion.com/p/Witherite-Law-Group-34b3b2ccbd3e804da4bbdf06124b3f4d?pvs=21),"April 23, 2026 11:27 AM","WLG - 1st round (https://app.notion.com/p/WLG-1st-round-3643b2ccbd3e80f99f7bc5de253a8ca3?pvs=21), WLG - Screening (https://app.notion.com/p/WLG-Screening-3643b2ccbd3e80c6a2cdea7baf6e1f30?pvs=21)","May 21, 2026 10:09 AM",,,260000,"Digital Strategic Initiatives, Strategy & Leadership",
"Senior Director, Strategy & Transformation (Platform & Technology)",17 days,Done,"May 11, 2026",Iron Mountain (https://app.notion.com/p/Iron-Mountain-34b3b2ccbd3e80908818f516b9433ecc?pvs=21),"April 23, 2026 2:24 PM",,"May 21, 2026 10:09 AM",,J0100582,"$225,400.00 - $300,500.00","Digital Strategic Initiatives, Product Executive",
"Senior Director, IT Strategy & Delivery",3 days,Done,"April 27, 2026",US Oncology Network (https://app.notion.com/p/US-Oncology-Network-34b3b2ccbd3e80a78cb7c7c357e95348?pvs=21),"April 23, 2026 3:20 PM",,"May 21, 2026 10:09 AM",,38710,,"Digital Strategic Initiatives, Strategy & Leadership",
"Dir, Management Consulting",86 days,In progress,,ServiceNow (https://app.notion.com/p/ServiceNow-2f43b2ccbd3e80128dbfc81fbbccd50e?pvs=21),"April 27, 2026 2:12 PM",,"April 27, 2026 2:13 PM",,JB0072840,,,
VP of IT,83 days,In progress,,Sprinkbok IT (https://app.notion.com/p/Sprinkbok-IT-3523b2ccbd3e806e84b5f7203f6810bb?pvs=21),"April 30, 2026 10:17 AM",,"April 30, 2026 10:18 AM",,,,Strategy & Leadership,
Product Transformation Program Manager (Contract),16 days,Done - Cold,"May 18, 2026",T-Mobile (https://app.notion.com/p/T-Mobile-34c3b2ccbd3e808a8819eec4d41962d8?pvs=21),"May 1, 2026 9:17 AM",,"May 21, 2026 10:08 AM",,,$110 ph,"Digital Strategic Initiatives, Product Executive",
Technical Program Manager - Applied AI FORWARD deployed,8 days,Done,"May 11, 2026",ServiceNow (https://app.notion.com/p/ServiceNow-2f43b2ccbd3e80128dbfc81fbbccd50e?pvs=21),"May 2, 2026 7:57 AM",,"May 21, 2026 10:08 AM",,JB0070513,,,
"IT Strategy and Enterprise Architecture Manager ",28 days,Done - Did not apply,,University of Texas at Arlington (https://app.notion.com/p/University-of-Texas-at-Arlington-3573b2ccbd3e8033b11af6d071c76bee?pvs=21),"May 5, 2026 11:17 AM",,"June 2, 2026 2:17 PM",,,,Enterprise Architecture,
"Sr Director, IT Strategic Transformation",10 days,Done,"May 16, 2026",Gap Inc (https://app.notion.com/p/Gap-Inc-3043b2ccbd3e80f4a546dba4a8649d27?pvs=21),"May 5, 2026 11:38 AM",,"May 21, 2026 11:55 AM",,R211378,,"Digital Strategic Initiatives, Strategy & Leadership",
Enterprise Product Manager Director,71 days,In progress,,PWC (https://app.notion.com/p/PWC-2b23b2ccbd3e80aab64cc87ead66e1bb?pvs=21),"May 14, 2026 1:24 PM",,"May 14, 2026 2:04 PM",May 12,728541WD,"$122,500 - $423,780",Product Executive,
"Director, Product and Portfolio Management",78 days,In progress,,Caterpillar (https://app.notion.com/p/Caterpillar-30a3b2ccbd3e802fa732c2eaca35c33f?pvs=21),"May 14, 2026 2:04 PM",,"May 14, 2026 3:23 PM",May 5,R0000367502,"$189,080.00 - $283,630.00","Digital Strategic Initiatives, Product Executive",
"Senior Director, Technology Solutions",77 days,In progress,,Brown & Brown (https://app.notion.com/p/Brown-Brown-3613b2ccbd3e809c98a5c766b2fd3e7f?pvs=21),"May 15, 2026 9:09 AM",,"May 15, 2026 9:14 AM",May 6,R26_0000001639,,Product Executive,
Principal GTM Strategy Lead,72 days,In progress,,Next Gen Software Solutions (https://app.notion.com/p/Next-Gen-Software-Solutions-3643b2ccbd3e8092a9add363387f5081?pvs=21),"May 18, 2026 10:12 AM",,"May 18, 2026 11:57 AM",May 11,,$60-$63 /hr,Product Executive,
"Delivery Director, Strat Tech, TMT, SI Delivery",28 days,Done,"May 21, 2026",ServiceNow (https://app.notion.com/p/ServiceNow-2f43b2ccbd3e80128dbfc81fbbccd50e?pvs=21),"May 18, 2026 1:36 PM",,"May 21, 2026 3:04 PM",Apr 23,,,Digital Strategic Initiatives,
"Enterprise Application Owner for F&A ",4 days,Done - Interviewed,"October 27, 2025",EdgeConnex (https://app.notion.com/p/EdgeConnex-2b23b2ccbd3e80bcab33e1b109b21957?pvs=21),"May 18, 2026 2:58 PM","EdgeConnex - 2nd Round (https://app.notion.com/p/EdgeConnex-2nd-Round-3643b2ccbd3e80109b42e54f95355328?pvs=21), EdgeConnex - 1st Round - Tim (https://app.notion.com/p/EdgeConnex-1st-Round-Tim-3643b2ccbd3e80a890f3e7991dfcf4a3?pvs=21)","May 22, 2026 2:01 PM",Oct 23,,,Digital Strategic Initiatives,
Division Delivery Lead - South Central,41 days,Done - Did not apply,,"Sogeti (https://app.notion.com/p/Sogeti-3653b2ccbd3e80b79652e07f0257aa79?pvs=21), Capgemini (https://app.notion.com/p/Capgemini-3133b2ccbd3e80ed95dfc508bed64dd3?pvs=21)","May 19, 2026 11:43 AM",,"June 29, 2026 11:56 AM",,,250-350K,Solution Delivery,
"Director, AI Enablement",36 days,Done - Interviewed,"June 23, 2026",Apogee Therapeutics (https://app.notion.com/p/Apogee-Therapeutics-3683b2ccbd3e80bbab87ed844397a3c8?pvs=21),"May 22, 2026 2:30 PM",Apogee - Screening (https://app.notion.com/p/Apogee-Screening-3793b2ccbd3e80949e9ee3aaf5b6676a?pvs=21),"June 29, 2026 11:47 AM",May 18,,"$225,000-$250,000/ year","Digital Strategic Initiatives, Strategy & Leadership",
AI Program Lead,46 days,In progress,,Blackhawk Network (https://app.notion.com/p/Blackhawk-Network-3773b2ccbd3e803fb25ccdc94291ff47?pvs=21),"June 6, 2026 1:32 AM",,"June 8, 2026 1:26 AM",,2026-26551,,"Digital Strategic Initiatives, Strategy & Leadership",
ServiceNow Product Owner,15 days,In progress,,Infosys (https://app.notion.com/p/Infosys-3443b2ccbd3e80519c6bfad1b866d7ab?pvs=21),"July 7, 2026 10:46 AM",,"July 7, 2026 10:48 AM",,,,Product Executive,
Customer Advisory Board (CAB) Program Manager,1 days,Done,"July 9, 2026",CISCO (https://app.notion.com/p/CISCO-2ef3b2ccbd3e80799066ecac834305e9?pvs=21),"July 7, 2026 11:59 AM",,"July 20, 2026 10:17 AM",,2017325,"$148,800.00 - $248,200.00",Strategy & Leadership,
"Director, Technology Success Management",15 days,In progress,,Fidelity (https://app.notion.com/p/Fidelity-2b23b2ccbd3e80a18bc5c7fb73e71eef?pvs=21),"July 8, 2026 12:06 PM",,"July 8, 2026 12:15 PM",Jul 7,2130894,,Digital Strategic Initiatives,
"VP, Business Systems and IT",13 days,Done,"July 22, 2026",MeridianLink (https://app.notion.com/p/MeridianLink-3973b2ccbd3e8027a0ebc382db9ea7f2?pvs=21),"July 8, 2026 1:02 PM",,"July 22, 2026 7:45 PM",,,"$202,900 - $275,000 a year",Strategy & Leadership,
"Director, Business Applications",14 days,In progress,,Indeed (https://app.notion.com/p/Indeed-3973b2ccbd3e80c78f65c234b70f64d6?pvs=21),"July 8, 2026 1:52 PM",,"July 8, 2026 1:53 PM",,,"$158,000 - $329,000 a year",Strategy & Leadership,
"Vice President, Enterprise AI",14 days,In progress,,Highgate Hotels (https://app.notion.com/p/Highgate-Hotels-3973b2ccbd3e80678582de056c6ef900?pvs=21),"July 8, 2026 3:39 PM",,"July 8, 2026 3:39 PM",,,,,
Vice President of Product and Technology Operations,51 days,In progress,,FICO (https://app.notion.com/p/FICO-3983b2ccbd3e8096a26fff518daa3cda?pvs=21),"July 9, 2026 2:48 PM",,"July 9, 2026 2:59 PM",Jun 1,31841,,Product Executive,
"Onsite Lead, Business Architecture",13 days,In progress,,Kyndryl (https://app.notion.com/p/Kyndryl-3983b2ccbd3e80e1a8c6d2b8a6f2301d?pvs=21),"July 9, 2026 3:09 PM",,"July 9, 2026 3:10 PM",,,,Enterprise Architecture,
"Senior AI Tech Consultant, Tech Advisory & Delivery",13 days,In progress,,BCG (https://app.notion.com/p/BCG-31a3b2ccbd3e806e88ccf75bae4cb5ea?pvs=21),"July 9, 2026 3:24 PM",,"July 9, 2026 3:33 PM",,57430,"150,000",,
Strategic Governance Engagement Director,68 days,In progress,,CBRE (https://app.notion.com/p/CBRE-2b23b2ccbd3e80cfa64ec7e74534598c?pvs=21),"July 9, 2026 3:36 PM",,"July 9, 2026 3:52 PM",May 15,272521,"220,000",Strategy & Leadership,
Digital Product & Strategy Lead,34 days,In progress,,CBRE (https://app.notion.com/p/CBRE-2b23b2ccbd3e80cfa64ec7e74534598c?pvs=21),"July 9, 2026 3:53 PM",,"July 9, 2026 3:54 PM",Jun 18,273722,,Product Executive,
Program Director,37 days,In progress,,ServiceNow (https://app.notion.com/p/ServiceNow-2f43b2ccbd3e80128dbfc81fbbccd50e?pvs=21),"July 9, 2026 3:57 PM",,"July 9, 2026 3:58 PM",Jun 15,JB0073768,,"Product Executive, Strategy & Leadership",
"Senior Director, Agentic Service Experience",13 days,In progress,,Mckesson - Blacklist (https://app.notion.com/p/Mckesson-Blacklist-2b23b2ccbd3e80dfaaa2f8ec74c771e6?pvs=21),"July 9, 2026 4:13 PM",,"July 9, 2026 4:15 PM",,JR0148781,"$168,500 - $280,900",Digital Strategic Initiatives,
"Senior Director, Digital Strategy & Operations",3 days,Done,"July 13, 2026",Equinix (https://app.notion.com/p/Equinix-2b23b2ccbd3e80c189e0c32a4dbd97c4?pvs=21),"July 9, 2026 11:21 PM",,"July 13, 2026 11:47 AM",,JR-159555,"200,000 - 300,000 USD / Annual",Strategy & Leadership,
Technology Product Owner - SVP,26 days,In progress,,Citi (https://app.notion.com/p/Citi-2b23b2ccbd3e805e9eb5f3b6605b5401?pvs=21),"July 10, 2026 12:17 AM",,"July 10, 2026 12:42 AM",Jun 26,26968563,,Product Executive,
"Senior Director, Portfolio & Product Management",51 days,In progress,,HP (https://app.notion.com/p/HP-30e3b2ccbd3e80afa7b1fa0b2eaa1562?pvs=21),"July 10, 2026 1:37 PM",,"July 10, 2026 1:51 PM",Jun 1,3148839,"$192,800-$289,200 annually",Sales,
Director Enterprise Architecture,51 days,In progress,,HP (https://app.notion.com/p/HP-30e3b2ccbd3e80afa7b1fa0b2eaa1562?pvs=21),"July 10, 2026 1:50 PM",,"July 10, 2026 1:51 PM",Jun 1,3160637,"$190,950 to $286,450 USD",Enterprise Architecture,
"Vice President, Business Systems & Transformation",12 days,In progress,,Lone Wolf (https://app.notion.com/p/Lone-Wolf-3993b2ccbd3e80deb42fec8159c545aa?pvs=21),"July 10, 2026 1:56 PM",,"July 13, 2026 10:36 PM",,,,"Digital Strategic Initiatives, Strategy & Leadership",
"Vice President, Enterprise Applications - SFM",12 days,In Progress - Interviewing,,Safe Harbor Marinas (https://app.notion.com/p/Safe-Harbor-Marinas-3993b2ccbd3e801c9e95e0b4bda3cb92?pvs=21),"July 10, 2026 2:16 PM","Safe Harbor Marinas - Screening Call (Dexian: Shagun Rana & Arpit Doshi) (https://app.notion.com/p/Safe-Harbor-Marinas-Screening-Call-Dexian-Shagun-Rana-Arpit-Doshi-3a13b2ccbd3e818aa592ddae5145d5f0?pvs=21), Safe Harbor Marinas - Screening Call (Arpit Doshi) (https://app.notion.com/p/Safe-Harbor-Marinas-Screening-Call-Arpit-Doshi-3a13b2ccbd3e8182b08bebf27ecbdf21?pvs=21), Safe Harbor Marinas - 1st Round Interview (Mike Novak) (https://app.notion.com/p/Safe-Harbor-Marinas-1st-Round-Interview-Mike-Novak-3a13b2ccbd3e81f9a78de7404daf14b2?pvs=21), Safe Harbor Marinas - Mike Novak - II (https://app.notion.com/p/Safe-Harbor-Marinas-Mike-Novak-II-3a43b2ccbd3e80f38953dfb126409ad0?pvs=21)","July 17, 2026 7:48 PM",,,220000,Digital Strategic Initiatives,
"Senior Principal, Product Management",34 days,In progress,,Epsilon (https://app.notion.com/p/Epsilon-2b23b2ccbd3e800bbb2dfcf7c7248217?pvs=21),"July 10, 2026 4:21 PM",,"July 10, 2026 4:25 PM",Jun 18,153893,"USD $132,800.00 - USD $246,600.00/Annually",Product Executive,
VP Chief Enterprise Architect,13 days,In progress,,Signet Jewelers (https://app.notion.com/p/Signet-Jewelers-3453b2ccbd3e800ea2daf82c6e5f2458?pvs=21),"July 13, 2026 10:08 PM",,"July 14, 2026 2:50 PM",Jul 9,REQ_81638,,Enterprise Architecture,
Senior Enterprise Architect – Business Architecture,7 days,In progress,,"PNC Bank (https://app.notion.com/p/PNC-Bank-39e3b2ccbd3e8047afe7cdc348526a4a?pvs=21), Genesis10 (https://app.notion.com/p/Genesis10-39e3b2ccbd3e8069bea5d5afe881faaf?pvs=21)","July 15, 2026 11:29 AM",,"July 15, 2026 11:42 AM",,,150K pa,Enterprise Architecture,
"Director, Head of Technology Strategy and Operations",7 days,In progress,,Charles Schwab - Blacklist (https://app.notion.com/p/Charles-Schwab-Blacklist-2b23b2ccbd3e80d68a71e36061155aa4?pvs=21),"July 15, 2026 12:51 PM",,"July 15, 2026 1:28 PM",Jul 15,2026-123329,140K-310K /yr,"Digital Strategic Initiatives, Strategy & Leadership",
"VP, Enterprise AI & Technology Strategy",7 days,In progress,,Method Recruiting (https://app.notion.com/p/Method-Recruiting-39e3b2ccbd3e818b956ddf46110924a3?pvs=21),"July 15, 2026 1:15 PM",,"July 15, 2026 1:15 PM",Jul 15,,,"Digital Strategic Initiatives, Enterprise Architecture, Strategy & Leadership",https://www.linkedin.com/jobs/view/4440231348/
"Vice President, Product Management — Home Lending Transformation",118 days,In progress,,JPMorgan Chase & Co. (https://app.notion.com/p/JPMorgan-Chase-Co-39e3b2ccbd3e81bdb315f9dd3dd8cc82?pvs=21),"July 15, 2026 1:55 PM",,"July 15, 2026 2:15 PM",Mar 26,210729269,,Product Executive,https://jpmc.fa.oraclecloud.com/hcmUI/CandidateExperience/en/sites/CX_1001/job/210729269
"Sr. Director, Product Management - Enterprise Product & Experience",7 days,In progress,,Capital One (https://app.notion.com/p/Capital-One-39e3b2ccbd3e8121a56de58b557b2970?pvs=21),"July 15, 2026 2:21 PM",,"July 15, 2026 2:21 PM",Jul 15,R246466,"$245,100 - $335,700 (varies by location; see JD for full breakdown by city)",Product Executive,https://capitalone.wd12.myworkdayjobs.com/en-US/Capital_One/job/McLean-VA/Sr-Director--Product-Management---Enterprise-Product---Experience_R246466-1
"Senior Director, AI Enablement and Transformation",8 days,In progress,,Lumen Technologies (https://app.notion.com/p/Lumen-Technologies-39f3b2ccbd3e81208efbf8797cc76678?pvs=21),"July 16, 2026 7:06 AM",,"July 16, 2026 7:55 AM",Jul 14,342812,"$174,876 - $256,486 (varies by location: $174,876-$233,168 in most states; $183,621-$244,827 in CO/HI/MI/MN/NC/NH/NV/OR/RI; $192,364-$256,486 in AK/CA/CT/DC/DE/IL/MA/MD/NJ/NY/TX/VA/WA)","Enterprise Architecture, Strategy & Leadership",https://careers.lumen.com/careers/job/1133914494401?domain=lumen.com&utm_source=linkedin&utm_medium=jobfeed
"Senior Vice President, Product Platform (Fractional)",6 days,In progress,,Warman O'Brien (https://app.notion.com/p/Warman-O-Brien-39f3b2ccbd3e8102adccdaf310230a31?pvs=21),"July 16, 2026 12:40 PM",,"July 16, 2026 12:40 PM",Jul 16,,,Product Executive,https://www.linkedin.com/jobs/view/4438722570/
Capgemini Invent - AI Solutions Architecture & Engineering Director,10 days,In Progress - Interviewing,,"Capgemini Invent (https://app.notion.com/p/Capgemini-Invent-3a03b2ccbd3e81468813fc0a3e68902e?pvs=21), Capgemini (https://app.notion.com/p/Capgemini-3133b2ccbd3e80ed95dfc508bed64dd3?pvs=21)","July 17, 2026 9:48 AM","Capgemini Invent - AI Solutions Architecture & Engineering Director - TA Screen (https://app.notion.com/p/Capgemini-Invent-AI-Solutions-Architecture-Engineering-Director-TA-Screen-3a13b2ccbd3e81dab245f21e62c53371?pvs=21), Capgemini Invent - AI Solutions Architecture & Engineering Director - TA Screen 2 (https://app.notion.com/p/Capgemini-Invent-AI-Solutions-Architecture-Engineering-Director-TA-Screen-2-3a53b2ccbd3e8005a936d495e53409d8?pvs=21)","July 20, 2026 2:17 PM",Jul 12,,"$169,875 - $319,050","Sales, Solution Delivery, Strategy & Leadership",https://careers.capgemini.com/job/New-York%2C-NY-Capgemini-Invent-AI-Solutions-Architecture-&-Engineering-Director-NY-10001/1369730033/
"Managing Vice President, Technology Product Management & Platform Strategy",11 days,In progress,,Gartner (https://app.notion.com/p/Gartner-2f73b2ccbd3e8027b2f8cb83ac51e26e?pvs=21),"July 20, 2026 7:49 AM",,"July 20, 2026 7:49 AM",Jul 11,111285,"208,000 USD - 261,000 USD","Product Executive, Strategy & Leadership",https://gartner.wd5.myworkdayjobs.com/en-US/EXT/job/MVP--Sales-Operations_111285
IT Value Delivery Program Manager,2 days,In progress,,"Radiant Systems Inc (https://app.notion.com/p/Radiant-Systems-Inc-3a33b2ccbd3e81d09b1feff1bbc316ac?pvs=21), Kimberly Clark (https://app.notion.com/p/Kimberly-Clark-3a33b2ccbd3e81809b24dca165316aba?pvs=21)","July 20, 2026 9:43 AM",,"July 20, 2026 9:43 AM",Jul 20,,,"Digital Strategic Initiatives, Solution Delivery",
Customer Engagement Programs Lead,2 days,In progress,,CISCO (https://app.notion.com/p/CISCO-2ef3b2ccbd3e80799066ecac834305e9?pvs=21),"July 20, 2026 9:45 AM",,"July 20, 2026 9:45 AM",Jul 20,,"$168,800 - $241,200/yr (base; excludes incentive, equity, benefits)","Product Executive, Strategy & Leadership",https://careers.cisco.com/global/en/job/2019950/Customer-Engagement-Programs-Lead
"Vice President – Product Management, AI",6 days,In progress,,ServiceLink (https://app.notion.com/p/ServiceLink-3a33b2ccbd3e81bf9106ea6ac989de3c?pvs=21),"July 20, 2026 12:31 PM",,"July 20, 2026 12:38 PM",Jul 16,,,"Digital Strategic Initiatives, Product Executive",https://www.linkedin.com/jobs/view/4436853807/
"VP, AI Transformation & Enterprise Architecture",12 days,In progress,,RisePoint (https://app.notion.com/p/RisePoint-2b23b2ccbd3e80f7a4e8fd588b6d2b73?pvs=21),"July 20, 2026 12:41 PM",,"July 20, 2026 12:41 PM",Jul 10,JR101288,,"Digital Strategic Initiatives, Enterprise Architecture, Strategy & Leadership",https://risepoint.wd503.myworkdayjobs.com/Risepoint/job/US---Remote/VP--AI-Transformation---Enterprise-Architecture_JR101288?source=LinkedIn
VP Enterprise Applications,2 days,In progress,,Integrity (https://app.notion.com/p/Integrity-3a33b2ccbd3e813da622d92869caed27?pvs=21),"July 20, 2026 2:51 PM",,"July 20, 2026 2:51 PM",,JR4350,,"Enterprise Architecture, Strategy & Leadership",https://integritymarketing.wd1.myworkdayjobs.com/en-US/Integrity/job/VP-Enterprise-Applications_JR4350
"Senior Director, IT Business Applications (Delivery)",2 days,In progress,,Five9 (https://app.notion.com/p/Five9-3a33b2ccbd3e81afaad0e86d66d3aa0a?pvs=21),"July 20, 2026 3:54 PM",,"July 20, 2026 3:54 PM",,,"$135,900 - $448,300 USD",Enterprise Architecture,https://www.five9.com/about/careers/job-detail?gh_jid=5896849004
"Director, Strategic Initiatives",0 days,In progress,,ServiceNow (https://app.notion.com/p/ServiceNow-2f43b2ccbd3e80128dbfc81fbbccd50e?pvs=21),"July 22, 2026 11:00 AM",,"July 22, 2026 11:00 AM",Jul 22,,,"Digital Strategic Initiatives, Strategy & Leadership",https://careers.servicenow.com/jobs/744000138933684/director-strategic-initiatives/?trid=2d92f286-613b-4daf-9dfa-6340ffbecf73
AVP IT Delivery Transformation,2 days,In progress,,GM Financial (https://app.notion.com/p/GM-Financial-2b23b2ccbd3e80f18108c5b91e5acaf6?pvs=21),"July 22, 2026 6:29 PM",,"July 22, 2026 6:29 PM",Jul 20,260575,,Strategy & Leadership,https://fa-exvu-saasfaprod1.fa.ocs.oraclecloud.com/hcmUI/CandidateExperience/en/sites/CX_1/job/260575?utm_medium=jobboard&utm_source=linkedin